{
    "metadata":{
        "colors":0,
        "uvs":0,
        "type":"Geometry",
        "normals":6,
        "vertices":8,
        "version":3,
        "materials":2,
        "faces":6,
        "generator":"io_three"
    },
    "vertices":[1.03924,0.505899,-1.03924,1.03924,0.505899,1.03924,-1.03924,0.505899,1.03924,-1.03923,0.505899,-1.03924,0.712178,2.6182,-1.03923,0.215952,1.43403,1.03924,0.223883,1.42275,1.03923,-1.03924,1.40768,-1.03924],
    "materials":[{
        "visible":true,
        "depthWrite":true,
        "vertexColors":false,
        "colorEmissive":[0,0,0],
        "DbgColor":15658734,
        "opacity":1,
        "depthTest":true,
        "transparent":false,
        "DbgName":"Material",
        "colorSpecular":[0.5,0.0693455,0.131499],
        "DbgIndex":0,
        "blending":5,
        "wireframe":false,
        "specularCoef":50,
        "colorDiffuse":[0.0173796,0.64,0.395321],
        "shading":"phong",
        "doubleSided":false
    },{
        "visible":true,
        "depthWrite":true,
        "vertexColors":false,
        "colorEmissive":[0,0,0],
        "DbgColor":15597568,
        "opacity":1,
        "depthTest":true,
        "transparent":false,
        "DbgName":"Material.001",
        "colorSpecular":[0.5,0,0.0198441],
        "DbgIndex":1,
        "blending":1,
        "wireframe":false,
        "specularCoef":50,
        "colorDiffuse":[0,0.0168514,0.64],
        "shading":"phong",
        "doubleSided":false
    }],
    "faces":[35,0,1,2,3,0,0,0,0,0,35,4,7,6,5,0,1,1,1,1,35,0,4,5,1,0,2,2,2,2,35,1,5,6,2,0,3,3,3,3,35,2,6,7,3,0,4,4,4,4,35,4,0,3,7,0,5,5,5,5],
    "colors":[],
    "uvs":[],
    "normals":[-9.86856e-15,-1,5.73543e-08,-0.543975,0.776237,0.318664,0.914876,0.346141,0.207816,-6.33785e-07,8.64787e-08,1,-0.797276,0.553743,0.24025,1.68233e-07,2.5556e-07,-1]
}